,cell_number,particle,frame,red_int_mean,green_int_mean,blue_int_mean,x,y,Classification
0,0,0,0,20,995,25,353,199,0
1,0,0,1,1,1120,0,353,200,0
2,0,0,2,54,1018,36,352,200,0
3,0,0,3,0,970,78,351,200,0
4,0,0,4,8,1134,0,351,200,0
5,0,0,5,34,1025,111,351,200,0
6,0,0,6,26,1013,0,350,199,0
7,0,0,7,7,1031,0,350,200,0
8,0,0,8,14,1065,0,350,200,0
9,0,0,9,57,1068,0,349,200,0
10,0,0,10,19,970,0,351,200,0
11,0,0,11,26,1094,84,351,201,0
12,0,0,12,43,1161,6,350,201,0
13,0,0,13,0,1111,0,350,200,0
14,0,0,14,0,1032,0,350,199,0
15,0,0,15,29,1277,122,350,199,0
16,0,0,16,25,983,9,351,200,0
17,0,0,17,19,1035,0,351,200,0
18,0,0,18,41,1092,97,351,198,0
19,0,0,19,39,1131,97,351,198,0
20,0,0,20,33,1056,85,350,197,0
21,0,0,21,16,1019,64,350,196,0
22,0,0,22,9,1102,99,349,196,0
23,0,0,23,33,1018,99,349,196,0
24,0,0,24,40,1005,48,349,196,0
25,0,0,25,0,1178,0,350,195,0
26,0,0,26,4,1060,0,351,195,0
27,0,0,27,37,1093,0,351,195,0
28,0,0,28,37,1116,66,351,195,0
29,0,0,29,15,1093,49,351,195,0
30,0,0,30,17,1116,77,351,195,0
31,0,0,31,0,1058,2,350,194,0
32,0,0,32,19,1151,183,349,195,0
33,0,0,33,40,976,164,349,195,0
34,0,0,34,0,1083,0,349,195,0
35,0,0,35,60,1179,57,349,195,0
36,0,0,36,10,1121,54,349,196,0
37,0,0,37,9,1028,34,346,196,0
38,0,0,38,0,1079,0,346,196,0
39,0,0,39,29,1095,0,346,196,0
40,0,0,40,45,1045,171,347,195,0
41,0,0,41,11,1018,94,347,196,0
42,0,0,42,27,873,128,347,197,0
43,0,0,43,20,1028,26,347,195,0
44,0,0,44,36,1058,34,347,196,0
45,0,0,45,0,1018,58,347,196,0
46,0,0,46,3,920,94,347,196,0
47,0,0,47,9,969,21,347,196,0
48,0,0,48,0,1063,128,347,197,0
49,0,0,49,0,973,84,346,196,0
50,0,0,50,0,924,0,345,196,0
51,0,0,51,12,834,0,345,196,0
52,0,0,52,0,1041,32,345,196,0
53,0,0,53,0,1040,0,345,196,0
54,0,0,54,0,1013,0,345,196,0
55,0,0,55,0,1060,38,345,196,0
56,0,0,56,0,967,75,345,196,0
57,0,0,57,65,1019,53,345,196,0
58,0,0,58,12,966,13,345,197,0
59,0,0,59,0,1005,0,345,197,0
60,0,0,60,13,926,0,344,198,0
61,0,0,61,0,918,0,344,197,0
62,0,0,62,35,1034,0,344,198,0
63,0,0,63,4,1037,0,344,198,0
64,0,0,64,1,1067,0,345,197,0
65,0,0,65,5,1024,0,346,197,0
66,0,0,66,0,1085,51,346,197,0
67,0,0,67,11,987,56,346,197,0
68,0,0,68,6,1095,0,347,197,0
69,0,0,69,31,951,72,347,197,0
70,0,0,70,16,898,56,346,197,0
71,0,0,71,0,1073,10,346,198,0
72,0,0,72,0,1063,180,346,197,0
73,0,0,73,30,965,12,346,197,0
74,0,0,74,68,1053,0,346,197,0
75,0,0,75,0,1026,0,346,197,0
76,0,0,76,22,1211,34,346,197,0
77,0,0,77,0,1103,0,344,197,0
78,0,0,78,26,984,0,343,197,0
79,0,0,79,0,1060,0,343,197,0
80,0,0,80,6,956,0,343,196,0
81,0,0,81,0,975,34,342,197,0
82,0,0,82,32,1068,68,342,196,0
83,0,0,83,36,1132,0,342,195,0
84,0,0,84,8,953,44,342,194,0
85,0,0,85,2,945,19,341,193,0
86,0,0,86,73,1015,21,341,193,0
87,0,0,87,44,1003,0,341,195,0
88,0,0,88,12,1057,0,340,195,0
89,0,0,89,3,1057,0,340,195,0
90,0,0,90,34,1024,0,340,194,0
91,0,0,91,0,950,18,340,193,0
92,0,0,92,55,1043,23,339,194,0
93,0,0,93,45,1017,0,339,195,0
94,0,0,94,28,1104,209,339,195,0
95,0,0,95,18,1101,35,339,195,0
96,0,0,96,37,1092,0,339,195,0
97,0,0,97,4,982,64,339,194,0
98,0,0,98,31,1089,23,339,194,0
99,0,0,99,36,987,94,339,194,0
100,0,0,100,0,1000,0,339,194,0
101,0,0,101,37,1153,98,339,196,0
102,0,0,102,54,1135,0,339,196,0
103,0,0,103,31,1141,0,339,196,0
104,0,0,104,43,1129,51,340,195,0
105,0,0,105,0,980,108,340,196,0
106,0,0,106,0,1087,45,339,195,0
107,0,0,107,41,1055,209,339,195,0
108,0,0,108,43,1136,0,339,195,0
109,0,0,109,41,1165,48,339,195,0
110,0,0,110,0,1125,0,339,195,0
111,0,0,111,43,1074,18,339,195,0
112,0,0,112,0,1158,48,339,195,0
113,0,0,113,18,1051,0,339,194,0
114,0,0,114,20,1121,55,339,193,0
115,0,0,115,32,1136,0,340,194,0
116,0,0,116,43,928,27,338,194,0
117,0,0,117,11,930,87,340,193,0
118,0,0,118,0,1030,50,340,193,0
119,0,0,119,16,1062,0,339,193,0
120,0,0,120,0,954,12,339,193,0
121,0,0,121,0,1063,132,339,193,0
122,0,0,122,58,1050,0,339,194,0
123,0,0,123,18,1058,0,339,195,0
124,0,0,124,0,1001,68,338,195,0
125,0,0,125,3,1000,0,339,193,0
126,0,0,126,0,952,0,337,193,0
127,0,0,127,10,951,0,337,193,0
128,0,0,128,13,980,98,337,193,0
129,0,0,129,0,884,0,337,192,0
130,0,0,130,7,1085,93,338,192,0
131,0,0,131,7,917,0,338,192,0
132,0,0,132,20,803,0,338,192,0
133,0,0,133,0,1032,22,338,192,0
134,0,0,134,13,906,51,339,192,0
135,0,0,135,37,1000,26,339,192,0
136,0,0,136,0,974,51,339,192,0
137,0,0,137,16,951,79,339,191,0
138,0,0,138,13,972,0,339,192,0
139,0,0,139,19,854,0,340,191,0
140,0,0,140,2,878,21,340,190,0
141,0,0,141,11,966,0,340,191,0
142,0,0,142,39,916,0,340,189,0
143,0,0,143,2,929,70,340,189,0
144,0,0,144,5,1086,34,340,189,0
145,0,0,145,0,1009,0,340,189,0
146,0,0,146,19,1001,0,341,188,0
147,0,0,147,2,936,0,341,189,0
148,0,0,148,0,976,0,341,189,0
149,0,0,149,5,1001,180,341,187,0
150,0,0,150,0,1013,72,341,187,0
151,0,0,151,15,1045,123,341,187,0
152,0,0,152,0,1006,14,341,187,0
153,0,0,153,0,1015,0,341,187,0
154,0,0,154,0,1022,23,341,188,0
155,0,0,155,11,899,0,341,188,0
156,0,0,156,11,851,28,340,188,0
157,0,0,157,4,992,16,339,188,0
158,0,0,158,17,1042,0,340,188,0
159,0,0,159,26,917,0,342,188,0
160,0,0,160,35,1067,74,343,188,0
161,0,0,161,0,1004,116,343,188,0
162,0,0,162,29,1042,24,343,188,0
163,0,0,163,0,1062,6,344,188,0
164,0,0,164,0,1031,82,344,188,0
165,0,0,165,7,936,61,344,188,0
166,0,0,166,29,1066,103,344,188,0
167,0,0,167,47,1055,15,343,188,0
168,0,0,168,3,1152,94,344,187,0
169,0,0,169,0,1053,42,344,187,0
170,0,0,170,0,847,66,344,187,0
171,0,0,171,0,1037,45,344,188,0
172,0,0,172,17,1076,72,344,188,0
173,0,0,173,19,1069,35,344,188,0
174,0,0,174,16,1008,0,345,189,0
175,0,0,175,0,877,93,345,188,0
176,0,0,176,0,1064,3,345,188,0
177,0,0,177,0,949,115,346,188,0
178,0,0,178,54,861,39,346,188,0
179,0,0,179,46,942,71,347,189,0
180,0,0,180,0,848,91,348,190,0
181,0,0,181,41,811,184,348,190,0
182,0,0,182,33,910,20,348,189,0
183,0,0,183,51,889,5,348,189,0
184,0,0,184,17,906,105,348,188,0
185,0,0,185,8,729,0,347,188,0
186,0,0,186,5,849,145,347,187,0
187,0,0,187,24,751,10,348,187,0
188,0,0,188,2,666,0,346,187,0
189,0,0,189,25,746,0,347,186,0
190,0,0,190,19,791,95,347,186,0
191,0,0,191,10,845,22,347,186,0
192,0,0,192,0,856,59,347,188,0
193,0,0,193,20,848,58,348,188,0
194,0,0,194,0,785,35,348,188,0
195,0,0,195,26,891,60,350,189,0
196,0,0,196,12,877,99,350,189,0
197,0,0,197,14,825,0,350,190,0
198,0,0,198,0,909,0,350,190,0
199,0,0,199,49,760,102,349,189,0
200,0,0,200,16,797,0,349,188,0
201,0,0,201,9,908,65,349,189,0
202,0,0,202,16,822,25,349,188,0
203,0,0,203,24,713,26,348,188,0
204,0,0,204,50,815,0,349,188,0
205,0,0,205,7,769,0,349,188,0
206,0,0,206,1,860,154,349,188,0
207,0,0,207,0,836,55,349,189,0
208,0,0,208,0,858,0,349,189,0
209,0,0,209,27,826,0,349,189,0
210,0,0,210,9,818,60,349,189,0
211,0,0,211,0,891,0,350,189,0
212,0,0,212,0,864,68,351,187,0
213,0,0,213,0,765,0,351,186,0
214,0,0,214,0,832,0,350,185,0
215,0,0,215,36,624,0,351,185,0
216,0,0,216,41,796,8,351,184,0
217,0,0,217,46,822,0,350,184,0
218,0,0,218,50,840,0,350,183,0
219,0,0,219,0,759,0,350,183,0
220,0,0,220,53,723,20,351,183,0
221,0,0,221,0,676,0,351,183,0
222,0,0,222,38,628,19,351,183,0
223,0,0,223,11,812,0,350,184,0
224,0,0,224,23,695,0,350,182,0
225,0,0,225,17,709,0,349,182,0
226,0,0,226,0,638,0,349,184,0
227,0,0,227,8,750,0,349,184,0
228,0,0,228,1,794,0,348,184,0
229,0,0,229,27,851,0,348,184,0
230,0,0,230,0,719,0,348,185,0
231,0,0,231,0,602,0,348,185,0
232,0,0,232,50,591,0,350,187,0
233,0,0,233,25,909,136,350,188,0
234,0,0,234,32,725,171,350,188,0
235,0,0,235,0,964,25,349,188,0
236,0,0,236,7,779,83,349,188,0
237,0,0,237,19,810,26,348,188,0
238,0,0,238,15,681,0,348,187,0
239,0,0,239,0,770,0,348,187,0
240,0,0,240,23,695,0,348,186,0
241,0,0,241,41,612,22,347,186,0
242,0,0,242,38,643,0,346,186,0
243,0,0,243,20,652,0,347,185,0
244,0,0,244,30,684,0,347,185,0
245,0,0,245,1,608,0,346,185,0
246,0,0,246,19,723,44,346,185,0
247,0,0,247,0,655,31,346,185,0
248,0,0,248,20,681,68,345,184,0
249,0,0,249,45,631,0,345,184,0
250,0,0,250,0,785,0,345,184,0
251,0,0,251,10,731,0,346,184,0
252,0,0,252,7,734,0,344,183,0
253,0,0,253,59,694,67,344,184,0
254,0,0,254,16,677,0,344,184,0
255,0,0,255,19,820,20,344,184,0
256,0,0,256,0,742,187,344,184,0
257,0,0,257,23,624,0,344,184,0
258,0,0,258,50,684,72,345,185,0
259,0,0,259,21,697,1,345,184,0
260,0,0,260,0,739,30,344,183,0
261,0,0,261,15,684,76,343,184,0
262,0,0,262,13,684,0,344,182,0
263,0,0,263,32,775,2,344,182,0
264,0,0,264,0,739,0,344,181,0
265,0,0,265,46,731,0,345,181,0
266,0,0,266,43,702,0,345,181,0
267,0,0,267,7,617,52,345,181,0
268,0,0,268,21,754,0,346,181,0
269,0,0,269,0,633,0,349,182,0
270,0,0,270,17,620,0,349,181,0
271,0,0,271,29,706,167,351,181,0
272,0,0,272,6,622,29,352,181,0
273,0,0,273,24,907,0,351,181,0
274,0,0,274,2,783,0,351,181,0
275,0,0,275,35,782,0,352,181,0
276,0,0,276,0,641,0,352,181,0
277,0,0,277,38,752,0,352,181,0
278,0,0,278,7,905,32,352,182,0
279,0,0,279,0,607,0,352,182,0
280,0,0,280,35,685,0,352,181,0
281,0,0,281,16,691,32,352,181,0
282,0,0,282,20,762,0,352,181,0
283,0,0,283,0,694,59,350,181,0
284,0,0,284,0,766,56,352,181,0
285,0,0,285,0,740,0,353,181,0
286,0,0,286,46,831,0,353,181,0
287,0,0,287,16,791,0,353,181,0
288,0,0,288,19,748,21,351,182,0
289,0,0,289,15,693,0,353,181,0
290,0,0,290,44,821,0,353,181,0
291,0,0,291,2,683,41,353,181,0
292,0,0,292,13,616,0,353,182,0
293,0,0,293,0,629,0,353,182,0
294,0,0,294,23,682,0,353,182,0
295,0,0,295,20,626,47,353,182,0
296,0,0,296,0,648,165,354,182,0
297,0,0,297,13,835,0,355,184,0
298,0,0,298,7,660,0,355,184,0
299,0,0,299,15,692,95,355,185,0
300,0,0,300,0,697,52,354,184,0
301,0,0,301,18,729,49,354,185,0
302,0,0,302,35,802,108,354,184,0
303,0,0,303,0,746,0,355,184,0
304,0,0,304,60,719,0,355,185,0
305,0,0,305,33,684,24,355,185,0
306,0,0,306,0,660,0,354,186,0
307,0,0,307,9,777,0,354,187,0
308,0,0,308,0,705,28,354,184,0
309,0,0,309,32,767,55,354,185,0
310,0,0,310,10,800,21,354,185,0
311,0,0,311,3,820,0,353,185,0
312,0,0,312,10,826,67,353,186,0
313,0,0,313,0,751,0,353,186,0
314,0,0,314,0,806,186,354,187,0
315,0,0,315,43,737,0,356,186,0
316,0,0,316,25,847,85,357,186,0
317,0,0,317,54,786,112,357,187,0
318,0,0,318,37,762,28,358,189,0
319,0,0,319,19,928,28,358,189,0
320,0,0,320,45,838,24,358,188,0
321,0,0,321,2,795,9,358,187,0
322,0,0,322,18,719,237,358,187,0
323,0,0,323,0,876,61,358,187,0
324,0,0,324,30,723,88,357,187,0
325,0,0,325,0,792,0,358,187,0
326,0,0,326,26,854,0,359,187,0
327,0,0,327,8,932,0,359,188,0
328,0,0,328,48,824,70,359,187,0
329,0,0,329,0,847,23,359,186,0
330,0,0,330,0,934,0,359,186,0
331,0,0,331,37,915,3,358,186,0
332,0,0,332,5,873,31,359,187,0
333,0,0,333,8,845,49,359,188,0
334,0,0,334,25,939,97,359,188,0
335,0,0,335,13,984,98,359,186,0
336,0,0,336,0,880,3,360,187,0
337,0,0,337,39,820,67,359,188,0
338,0,0,338,18,849,75,361,189,0
339,0,0,339,7,748,33,361,189,0
340,0,0,340,0,856,101,361,189,0
341,0,0,341,31,916,79,361,190,0
342,0,0,342,4,850,42,361,190,0
343,0,0,343,0,833,0,361,191,0
344,0,0,344,30,943,83,361,192,0
345,0,0,345,57,952,113,361,192,0
346,0,0,346,22,1035,126,362,192,0
347,0,0,347,20,786,36,362,192,0
348,0,0,348,26,939,62,361,192,0
349,0,0,349,44,915,0,363,192,0
350,0,0,350,10,860,0,363,192,0
351,0,0,351,19,811,57,363,192,0
352,0,0,352,35,852,0,363,193,0
353,0,0,353,0,1093,51,362,193,0
354,0,0,354,8,968,51,362,193,0
355,0,0,355,0,687,0,362,191,0
356,0,0,356,41,911,97,362,191,0
357,0,0,357,38,1030,38,363,191,0
358,0,0,358,4,692,40,363,190,0
359,0,0,359,16,898,164,363,191,0
360,0,0,360,24,865,26,363,191,0
361,0,0,361,57,924,0,363,191,0
362,0,0,362,25,936,155,364,191,0
363,0,0,363,0,961,35,365,191,0
364,0,0,364,44,925,0,365,192,0
365,0,0,365,30,880,0,365,192,0
366,0,0,366,19,892,0,364,191,0
367,0,0,367,0,947,5,364,191,0
368,0,0,368,0,788,0,364,191,0
369,0,0,369,14,917,0,363,192,0
370,0,0,370,0,1005,55,364,193,0
371,0,0,371,19,888,0,363,192,0
372,0,0,372,0,937,28,363,194,0
373,0,0,373,42,988,0,363,195,0
374,0,0,374,41,912,31,363,194,0
375,0,0,375,7,1013,57,364,194,0
376,0,0,376,13,918,0,364,194,0
377,0,0,377,35,885,0,364,194,0
378,0,0,378,35,994,57,364,194,0
379,0,0,379,0,1032,31,363,194,0
380,0,0,380,32,977,128,362,195,0
381,0,0,381,48,969,55,362,195,0
382,0,0,382,58,912,128,362,195,0
383,0,0,383,12,888,55,362,195,0
384,0,0,384,42,980,24,363,195,0
385,0,0,385,0,884,44,363,196,0
386,0,0,386,19,990,1,363,197,0
387,0,0,387,51,947,30,363,198,0
388,0,0,388,14,909,0,363,198,0
389,0,0,389,1,909,0,363,198,0
390,0,0,390,0,914,76,363,198,0
391,0,0,391,0,994,0,363,198,0
392,0,0,392,43,936,0,363,197,0
393,0,0,393,33,1020,126,362,197,0
394,0,0,394,0,890,92,363,197,0
395,0,0,395,0,982,0,363,197,0
396,0,0,396,0,938,0,365,197,0
397,0,0,397,50,938,113,365,197,0
398,0,0,398,25,966,20,366,198,0
399,0,0,399,20,935,109,366,198,0
400,0,0,400,5,732,0,368,198,0
401,0,0,401,15,859,0,368,198,0
402,0,0,402,43,867,60,369,198,0
403,0,0,403,0,933,81,369,198,0
404,0,0,404,0,876,81,369,198,0
405,0,0,405,38,912,83,369,198,0
406,0,0,406,5,987,0,368,198,0
407,0,0,407,5,875,0,368,198,0
408,0,0,408,29,849,0,368,198,0
409,0,0,409,34,855,0,368,198,0
410,0,0,410,48,906,0,368,197,0
411,0,0,411,32,920,0,368,197,0
412,0,0,412,18,955,53,368,197,0
413,0,0,413,0,1007,0,368,197,0
414,0,0,414,28,959,0,368,196,0
415,0,0,415,17,1017,20,368,196,0
416,0,0,416,51,1024,0,370,196,0
417,0,0,417,44,1058,0,370,196,0
418,0,0,418,58,1094,45,371,195,0
419,0,0,419,43,1051,37,371,196,0
420,0,0,420,31,1012,0,371,196,0
421,0,0,421,33,1176,0,371,194,0
422,0,0,422,0,1034,107,372,194,0
423,0,0,423,0,1238,0,372,196,0
424,0,0,424,0,1037,0,372,196,0
425,0,0,425,0,1089,64,372,196,0
426,0,0,426,19,1089,0,372,196,0
427,0,0,427,0,1051,64,372,196,0
428,0,0,428,0,1111,0,373,196,0
429,0,0,429,0,1248,0,373,196,0
430,0,0,430,35,1112,0,374,196,0
431,0,0,431,0,1097,0,375,196,0
432,0,0,432,27,1095,0,374,197,0
433,0,0,433,22,1067,29,374,197,0
434,0,0,434,0,958,0,374,197,0
435,0,0,435,18,1092,0,374,198,0
436,0,0,436,11,1026,0,374,198,0
437,0,0,437,2,1104,0,374,198,0
438,0,0,438,0,1110,86,374,199,0
439,0,0,439,0,1116,44,375,200,0
440,0,0,440,53,1176,178,375,200,0
441,0,0,441,0,1212,107,375,200,0
442,0,0,442,17,1249,0,376,200,0
443,0,0,443,0,1144,28,376,201,0
444,0,0,444,13,1059,15,375,201,0
445,0,0,445,0,1218,0,375,200,0
446,0,0,446,13,1034,178,375,200,0
447,0,0,447,0,1103,0,375,200,0
448,0,0,448,9,865,44,375,200,0
449,0,0,449,3,970,0,375,200,0
450,0,0,450,0,1077,0,376,200,0
451,0,0,451,23,945,0,376,200,0
452,0,0,452,0,1032,0,376,201,0
453,0,0,453,13,1193,0,376,201,0
454,0,0,454,69,1073,0,376,202,0
455,0,0,455,30,1144,2,376,202,0
456,0,0,456,1,1060,3,376,202,0
457,0,0,457,28,1105,0,376,201,0
458,0,0,458,34,1068,0,374,201,0
459,0,0,459,49,1092,65,373,201,0
460,0,0,460,35,1032,0,374,200,0
461,0,0,461,0,1014,0,374,199,0
462,0,0,462,78,958,110,376,199,0
463,0,0,463,29,1100,0,376,199,0
464,0,0,464,0,1054,0,376,199,0
465,0,0,465,0,1041,22,376,199,0
466,0,0,466,30,1054,29,376,199,0
467,0,0,467,1,988,0,376,197,0
468,0,0,468,0,1108,0,376,197,0
469,0,0,469,0,1065,106,376,197,0
470,0,0,470,0,1121,0,376,197,0
471,0,0,471,1,1139,0,376,197,0
472,0,0,472,0,1130,0,376,196,0
473,0,0,473,21,1076,149,376,197,0
474,0,0,474,0,990,26,376,197,0
475,0,0,475,0,1121,0,376,197,0
476,0,0,476,34,1241,33,375,197,0
477,0,0,477,7,1108,0,375,197,0
478,0,0,478,7,1096,42,375,196,0
479,0,0,479,23,1116,2,375,196,0
480,0,0,480,0,1038,0,375,195,0
481,0,0,481,0,1072,103,375,193,0
482,0,0,482,7,1117,0,375,195,0
483,0,0,483,24,1111,74,375,195,0
484,0,0,484,3,1137,14,375,194,0
485,0,0,485,22,1126,0,374,195,0
486,0,0,486,36,971,0,374,195,0
487,0,0,487,14,1007,139,374,195,0
488,0,0,488,27,919,95,374,195,0
489,0,0,489,44,1141,7,372,196,0
490,0,0,490,15,1105,0,371,198,0
491,0,0,491,21,1058,109,371,199,0
492,0,0,492,26,1042,0,371,199,0
493,0,0,493,28,1064,70,371,199,0
494,0,0,494,28,1048,43,371,199,0
495,0,0,495,21,1054,82,371,199,0
496,0,0,496,35,1172,107,371,200,0
497,0,0,497,10,1028,34,371,200,0
498,0,0,498,19,1057,7,371,200,0
499,0,0,499,35,1202,34,371,200,0
500,0,0,500,15,1060,103,370,200,0
501,0,0,501,26,1051,116,370,200,0
502,0,0,502,9,1011,59,370,199,0
503,0,0,503,43,1032,132,370,198,0
504,0,0,504,0,970,0,370,198,0
505,0,0,505,17,1115,0,369,199,0
506,0,0,506,0,1052,0,370,199,0
507,0,0,507,20,1083,0,370,200,0
508,0,0,508,1,959,0,370,200,0
509,0,0,509,14,1164,79,371,200,0
510,0,0,510,4,1182,39,372,201,0
511,0,0,511,7,958,159,372,201,0
512,0,0,512,42,1185,66,371,201,0
513,0,0,513,42,996,0,370,199,0
514,0,0,514,0,1046,0,369,199,0
515,0,0,515,38,1219,0,369,199,0
516,0,0,516,1,1016,39,370,200,0
517,0,0,517,0,1008,21,370,202,0
518,0,0,518,21,1060,75,370,202,0
519,0,0,519,0,1330,17,370,204,0
520,0,0,520,15,1051,75,370,202,0
521,0,0,521,59,1203,72,369,202,0
522,0,0,522,28,1225,5,369,202,0
523,0,0,523,20,1168,28,369,202,0
524,0,0,524,15,1154,2,370,202,0
525,0,0,525,16,1082,0,367,202,0
526,0,0,526,7,1210,84,366,201,0
527,0,0,527,3,1241,138,366,201,0
528,0,0,528,29,1083,99,366,200,0
529,0,0,529,0,1133,103,366,199,0
530,0,0,530,20,1368,0,366,198,0
531,0,0,531,18,1277,175,365,196,0
532,0,0,532,14,1114,24,364,195,0
533,0,0,533,45,1041,6,364,195,0
534,0,0,534,10,1047,88,364,195,0
535,0,0,535,18,1282,0,365,196,0
536,0,0,536,19,1136,69,365,195,0
537,0,0,537,25,1319,147,365,195,0
538,0,0,538,25,1167,29,365,195,0
539,0,0,539,21,1176,22,365,195,0
540,0,0,540,1,1132,95,364,196,0
541,0,0,541,23,1035,90,364,196,0
542,0,0,542,1,1333,0,363,196,0
543,0,0,543,0,1245,66,363,196,0
544,0,0,544,42,1145,0,364,196,0
545,0,0,545,17,1143,0,365,196,0
546,0,0,546,18,1222,0,365,196,0
547,0,0,547,7,1235,39,366,196,0
548,0,0,548,0,1211,0,366,196,0
549,0,0,549,53,1164,0,367,196,0
550,0,0,550,0,1214,7,367,196,0
551,0,0,551,35,1207,0,366,196,0
552,0,0,552,38,1340,0,366,195,0
553,0,0,553,26,1315,0,366,195,0
554,0,0,554,26,1097,162,367,198,0
555,0,0,555,0,1076,0,368,197,0
556,0,0,556,0,1232,0,367,198,0
557,0,0,557,40,1079,162,367,198,0
558,0,0,558,47,1062,27,368,198,0
559,0,0,559,15,1163,129,368,198,0
560,0,0,560,9,1053,45,370,199,0
561,0,0,561,0,1325,76,371,200,0
562,0,0,562,35,1238,0,372,200,0
563,0,0,563,36,1057,0,372,200,0
564,0,0,564,2,1336,143,372,201,0
565,0,0,565,15,1234,82,372,202,0
566,0,0,566,8,1209,118,374,202,0
567,0,0,567,5,1225,107,373,202,0
568,0,0,568,21,1183,0,373,202,0
569,0,0,569,21,1239,0,373,202,0
570,0,0,570,11,1295,48,373,202,0
571,0,0,571,0,1191,48,373,202,0
572,0,0,572,0,1305,3,373,202,0
573,0,0,573,0,1160,0,373,202,0
574,0,0,574,17,1242,48,373,202,0
575,0,0,575,0,1287,0,373,202,0
576,0,0,576,0,1255,48,373,202,0
577,0,0,577,5,1233,0,373,202,0
578,0,0,578,0,1277,0,373,202,0
579,0,0,579,0,1206,4,374,202,0
580,0,0,580,29,1292,0,374,202,0
581,0,0,581,29,1206,19,374,202,0
582,0,0,582,29,1240,90,374,202,0
583,0,0,583,29,1152,40,374,202,0
584,0,0,584,20,1226,12,374,203,0
585,0,0,585,23,1249,4,374,202,0
586,0,0,586,37,1194,76,374,203,0
587,0,0,587,4,1267,25,372,205,0
588,0,0,588,11,1319,81,372,205,0
589,0,0,589,17,1313,98,373,206,0
590,0,0,590,2,1240,0,373,205,0
591,0,0,591,0,1287,64,374,204,0
592,0,0,592,0,1287,0,374,204,0
593,0,0,593,0,1427,64,374,204,0
594,0,0,594,0,1253,5,374,205,0
595,0,0,595,0,1332,5,374,205,0
596,0,0,596,45,1342,84,374,205,0
597,0,0,597,0,1210,61,374,206,0
598,0,0,598,17,1396,53,374,206,0
599,0,0,599,11,1332,14,374,205,0
600,0,0,600,0,1384,155,374,205,0
601,0,0,601,12,1348,0,374,204,0
602,0,0,602,3,1318,133,375,204,0
603,0,0,603,7,1305,68,375,204,0
604,0,0,604,0,1347,0,373,204,0
605,0,0,605,0,1355,108,373,204,0
606,0,0,606,7,1395,0,371,204,0
607,0,0,607,36,1294,0,371,204,0
608,0,0,608,26,1296,154,371,204,0
609,0,0,609,5,1197,0,371,205,0
610,0,0,610,12,1240,0,370,206,0
611,0,0,611,41,1426,164,369,205,0
612,0,0,612,24,1214,0,369,205,0
613,0,0,613,20,1206,0,368,205,0
614,0,0,614,28,1171,2,368,204,0
615,0,0,615,13,1289,131,368,206,0
616,0,0,616,0,1284,32,368,206,0
617,0,0,617,0,1165,0,368,207,0
618,0,0,618,25,1233,0,368,207,0
619,0,0,619,40,1259,0,369,206,0
620,0,0,620,6,1315,52,371,206,0
621,0,0,621,12,1226,0,370,206,0
622,0,0,622,5,1495,0,370,205,0
623,0,0,623,0,1369,60,370,205,0
624,0,0,624,7,1330,0,369,205,0
625,0,0,625,23,1386,0,366,205,0
626,0,0,626,32,1229,0,366,205,0
627,0,0,627,23,1107,0,366,205,0
628,0,0,628,21,1261,8,366,205,0
629,0,0,629,0,1378,84,366,203,0
630,0,0,630,22,1351,0,366,204,0
631,0,0,631,2,1182,210,367,205,0
632,0,0,632,44,1292,27,365,205,0
633,0,0,633,10,1229,0,366,207,0
634,0,0,634,19,1257,0,366,207,0
635,0,0,635,39,1258,122,366,207,0
636,0,0,636,0,1336,22,367,208,0
637,0,0,637,7,1326,13,367,208,0
638,0,0,638,0,1406,128,367,209,0
639,0,0,639,15,1519,0,366,209,0
640,0,0,640,0,1512,0,366,209,0
641,0,0,641,22,1390,119,366,210,0
642,0,0,642,2,1363,58,368,210,0
643,0,0,643,45,1356,0,368,211,0
644,0,0,644,44,1244,76,368,211,0
645,0,0,645,10,1298,27,368,211,0
646,0,0,646,16,1394,76,368,211,0
647,0,0,647,10,1214,109,368,210,0
648,0,0,648,17,1157,0,368,210,0
649,0,0,649,49,1406,0,367,210,0
650,0,0,650,38,1328,127,366,210,0
651,0,0,651,34,1323,0,366,209,0
652,0,0,652,0,1219,0,365,209,0
653,0,0,653,14,1362,26,365,209,0
654,0,0,654,0,1388,58,364,209,0
655,0,0,655,0,1375,115,365,209,0
656,0,0,656,38,1262,76,365,209,0
657,0,0,657,0,1330,2,365,208,0
658,0,0,658,1,1400,25,365,208,0
659,0,0,659,38,1275,80,365,209,0
660,0,0,660,12,1343,64,365,208,0
661,0,0,661,0,1383,62,365,208,0
662,0,0,662,0,1391,0,365,208,0
663,0,0,663,0,1250,60,365,206,0
664,0,0,664,22,1329,0,365,206,0
665,0,0,665,48,1222,0,365,206,0
666,0,0,666,0,1265,0,365,207,0
667,0,0,667,46,1347,0,364,208,0
668,0,0,668,30,1352,45,364,207,0
669,0,0,669,35,1328,0,364,208,0
670,0,0,670,10,1353,76,364,208,0
671,0,0,671,16,1403,171,364,209,0
672,0,0,672,10,1464,0,364,209,0
673,0,0,673,28,1317,0,364,208,0
674,0,0,674,35,1366,48,364,208,0
675,0,0,675,46,1366,0,364,208,0
676,0,0,676,0,1238,0,364,206,0
677,0,0,677,0,1158,108,364,206,0
678,0,0,678,0,1280,20,364,206,0
679,0,0,679,0,1394,0,364,206,0
680,0,0,680,49,1392,0,363,206,0
681,0,0,681,34,1242,0,364,206,0
682,0,0,682,25,1413,21,364,206,0
683,0,0,683,0,1331,123,364,207,0
684,0,0,684,32,1380,0,364,206,0
685,0,0,685,0,1280,134,364,206,0
686,0,0,686,0,1385,131,364,207,0
687,0,0,687,0,1344,0,365,207,0
688,0,0,688,3,1355,73,365,207,0
689,0,0,689,25,1390,0,365,207,0
690,0,0,690,0,1467,26,365,207,0
691,0,0,691,35,1479,0,364,207,0
692,0,0,692,17,1298,122,364,206,0
693,0,0,693,12,1344,95,364,205,0
694,0,0,694,16,1467,36,362,205,0
695,0,0,695,32,1276,223,363,205,0
696,0,0,696,0,1448,223,363,205,0
697,0,0,697,33,1448,33,363,205,0
698,0,0,698,0,1290,15,363,205,0
699,0,0,699,30,1463,0,363,205,0
700,0,0,700,8,1568,0,363,205,0
701,0,0,701,2,1312,15,364,205,0
702,0,0,702,28,1426,0,364,207,0
703,0,0,703,24,1426,123,364,207,0
704,0,0,704,29,1538,73,365,207,0
705,0,0,705,5,1537,0,367,206,0
706,0,0,706,28,1355,149,368,206,0
707,0,0,707,0,1433,103,368,207,0
708,0,0,708,0,1498,170,368,207,0
709,0,0,709,42,1364,268,367,206,0
710,0,0,710,0,1327,0,367,206,0
711,0,0,711,34,1483,38,367,205,0
712,0,0,712,2,1468,210,367,205,0
713,0,0,713,8,1279,34,368,205,0
714,0,0,714,0,1334,72,368,205,0
715,0,0,715,0,1282,178,368,205,0
716,0,0,716,0,1374,0,368,207,0
717,0,0,717,55,1554,0,368,205,0
718,0,0,718,7,1540,178,367,204,0
719,0,0,719,1,1316,104,366,204,0
720,0,0,720,57,1422,0,366,203,0
721,0,0,721,0,1346,0,366,203,0
722,0,0,722,23,1238,28,367,201,0
723,0,0,723,29,1361,0,367,201,0
724,0,0,724,11,1327,92,367,202,0
725,0,0,725,26,1227,14,367,202,0
726,0,0,726,0,1390,0,368,201,0
727,0,0,727,7,1239,0,368,201,0
728,0,0,728,22,1324,0,367,199,0
729,0,0,729,16,1164,20,367,199,0
730,0,0,730,0,1222,0,366,199,0
731,0,0,731,30,1178,96,366,200,0
732,0,0,732,15,1445,28,366,200,0
733,0,0,733,3,1272,94,366,200,0
734,0,0,734,14,1358,28,366,200,0
735,0,0,735,44,1311,83,366,201,0
736,0,0,736,50,1256,129,365,201,0
737,0,0,737,2,1253,0,365,201,0
738,0,0,738,0,1253,199,364,201,0
739,0,0,739,2,1172,22,364,202,0
740,0,0,740,33,1394,0,364,201,0
741,0,0,741,3,1226,100,362,202,0
742,0,0,742,0,1248,189,363,202,0
743,0,0,743,10,1169,126,363,204,0
744,0,0,744,71,1143,60,363,204,0
745,0,0,745,0,1170,66,363,204,0
746,0,0,746,10,1273,93,364,204,0
747,0,0,747,17,1359,136,362,204,0
748,0,0,748,29,1231,0,362,205,0
749,0,0,749,1,1219,0,363,206,0
750,0,0,750,0,1236,62,363,206,0
751,0,0,751,30,1256,75,363,205,0
752,0,0,752,25,1264,43,363,205,0
753,0,0,753,17,1315,93,362,205,0
754,0,0,754,0,1256,78,362,205,0
755,0,0,755,0,1223,0,362,205,0
756,0,0,756,20,1196,0,362,206,0
757,0,0,757,0,1194,7,362,207,0
758,0,0,758,0,1026,9,362,207,0
759,0,0,759,0,1345,143,362,207,0
760,0,0,760,27,1256,0,361,206,0
761,0,0,761,33,1302,46,360,206,0
762,0,0,762,0,1190,0,360,205,0
763,0,0,763,37,1262,24,360,205,0
764,0,0,764,0,1199,99,359,205,0
765,0,0,765,50,1204,31,359,204,0
766,0,0,766,0,1205,71,359,205,0
767,0,0,767,60,1271,121,359,204,0
768,0,0,768,22,1359,52,358,204,0
769,0,0,769,0,1372,79,358,205,0
770,0,0,770,0,1275,123,358,205,0
771,0,0,771,43,1398,180,359,206,0
772,0,0,772,61,1263,80,359,206,0
773,0,0,773,37,1453,20,360,205,0
774,0,0,774,66,1517,160,359,205,0
775,0,0,775,42,1272,49,359,205,0
776,0,0,776,0,1247,0,360,205,0
777,0,0,777,69,1142,89,358,205,0
778,0,0,778,77,1283,53,358,204,0
779,0,0,779,32,1300,0,358,204,0
780,0,0,780,77,1343,9,358,204,0
781,0,0,781,34,1388,9,358,204,0
782,0,0,782,0,1488,0,357,204,0
783,0,0,783,26,1408,105,357,203,0
784,0,0,784,12,1462,276,357,205,0
785,0,0,785,18,1300,130,357,205,0
786,0,0,786,8,1387,0,357,204,0
787,0,0,787,39,1388,0,356,203,0
788,0,0,788,9,1312,124,357,203,0
789,0,0,789,0,1316,116,357,202,0
790,0,0,790,25,1261,5,358,203,0
791,0,0,791,33,1330,14,358,202,0
792,0,0,792,42,1176,0,358,204,0
793,0,0,793,30,1334,75,358,204,0
794,0,0,794,0,1322,1,358,203,0
795,0,0,795,18,1312,52,358,204,0
796,0,0,796,51,1127,84,358,203,0
797,0,0,797,37,1395,49,357,203,0
798,0,0,798,88,1281,90,357,205,0
799,0,0,799,0,1351,0,356,205,0
800,0,0,800,0,1420,135,356,204,0
801,0,0,801,19,1324,0,356,202,0
802,0,0,802,21,1246,58,357,202,0
803,0,0,803,5,1365,0,356,202,0
804,0,0,804,2,1365,166,356,202,0
805,0,0,805,13,1311,230,356,201,0
806,0,0,806,27,1212,40,357,202,0
807,0,0,807,0,1291,0,356,203,0
808,0,0,808,0,1238,135,356,204,0
809,0,0,809,41,1322,8,356,203,0
810,0,0,810,3,1225,8,356,203,0
811,0,0,811,10,1294,185,357,204,0
812,0,0,812,25,1394,16,356,204,0
813,0,0,813,11,1213,0,356,205,0
814,0,0,814,5,1310,130,356,205,0
815,0,0,815,8,1400,0,356,204,0
816,0,0,816,0,1442,135,356,204,0
817,0,0,817,25,1291,86,356,203,0
818,0,0,818,0,1403,0,356,203,0
819,0,0,819,20,1433,32,356,203,0
820,0,0,820,40,1409,149,356,203,0
821,0,0,821,75,1450,270,357,204,0
822,0,0,822,22,1420,68,356,205,0
823,0,0,823,22,1573,0,356,205,0
824,0,0,824,26,1224,270,355,206,0
825,0,0,825,43,1180,0,355,207,0
826,0,0,826,6,1324,11,354,209,0
827,0,0,827,15,1332,104,355,210,0
828,0,0,828,0,1430,72,355,210,0
829,0,0,829,1,1158,0,355,210,0
830,0,0,830,21,1284,134,355,210,0
831,0,0,831,4,1206,30,355,210,0
832,0,0,832,70,1323,15,355,211,0
833,0,0,833,0,1414,105,355,211,0
834,0,0,834,0,1413,48,356,212,0
835,0,0,835,13,1399,123,356,213,0
836,0,0,836,16,1402,56,357,212,0
837,0,0,837,11,1302,186,357,212,0
838,0,0,838,12,1496,0,358,211,0
839,0,0,839,0,1328,171,358,211,0
840,0,0,840,83,1464,0,357,211,0
841,0,0,841,1,1361,144,357,212,0
842,0,0,842,0,1312,240,357,214,0
843,0,0,843,61,1315,65,357,214,0
844,0,0,844,16,1315,197,358,214,0
845,0,0,845,41,1278,0,359,215,0
846,0,0,846,40,1437,0,360,214,0
847,0,0,847,0,1200,99,360,214,0
848,0,0,848,54,1410,198,360,213,0
849,0,0,849,15,1469,57,360,213,0
850,0,0,850,0,1256,66,359,213,0
851,0,0,851,43,1351,139,359,213,0
852,0,0,852,43,1266,0,359,213,0
853,0,0,853,0,1382,42,359,213,0
854,0,0,854,43,1306,0,359,213,0
855,0,0,855,53,1317,174,359,213,0
856,0,0,856,40,1372,176,359,212,0
857,0,0,857,0,1368,0,359,213,0
858,0,0,858,22,1160,8,358,213,0
859,0,0,859,42,1236,128,358,213,0
860,0,0,860,50,1205,50,357,215,0
861,0,0,861,28,1241,64,356,215,0
862,0,0,862,0,1198,0,356,215,0
863,0,0,863,15,1114,75,356,216,0
864,0,0,864,2,1187,98,357,215,0
865,0,0,865,0,1214,280,358,214,0
866,0,0,866,38,1219,0,358,215,0
867,0,0,867,0,1186,0,357,214,0
868,0,0,868,33,1161,65,357,214,0
869,0,0,869,0,1301,146,357,214,0
870,0,0,870,17,1303,0,359,214,0
871,0,0,871,4,1311,0,359,214,0
872,0,0,872,24,1296,159,360,216,0
873,0,0,873,42,1308,111,360,217,0
874,0,0,874,0,1340,234,360,217,0
875,0,0,875,28,1147,41,361,218,0
876,0,0,876,0,1201,142,361,218,0
877,0,0,877,0,1242,0,362,218,0
878,0,0,878,0,1205,0,362,218,0
879,0,0,879,26,1201,48,361,219,0
880,0,0,880,46,1103,110,362,218,0
881,0,0,881,0,1108,33,362,218,0
882,0,0,882,8,1089,0,361,218,0
883,0,0,883,9,1178,171,361,217,0
884,0,0,884,9,1265,0,361,217,0
885,0,0,885,42,1047,87,360,217,0
886,0,0,886,9,1269,11,360,217,0
887,0,0,887,36,1198,2,360,217,0
888,0,0,888,59,1145,0,361,216,0
889,0,0,889,9,1101,257,361,215,0
890,0,0,890,26,1274,0,360,215,0
891,0,0,891,0,1274,0,360,215,0
892,0,0,892,23,1123,43,360,215,0
893,0,0,893,54,957,68,360,215,0
894,0,0,894,19,1061,168,361,215,0
895,0,0,895,0,1084,0,360,215,0
896,0,0,896,4,1039,103,360,217,0
897,0,0,897,51,1137,0,359,217,0
898,0,0,898,58,1092,45,359,217,0
899,0,0,899,20,980,0,359,217,0
900,0,0,900,14,1059,45,359,217,0
901,0,0,901,30,1020,42,359,217,0
902,0,0,902,24,1148,0,360,215,0
903,0,0,903,16,1264,6,361,215,0
904,0,0,904,15,1037,0,361,216,0
905,0,0,905,44,1205,158,360,216,0
906,0,0,906,15,987,50,361,216,0
907,0,0,907,25,1116,0,361,215,0
908,0,0,908,4,1037,2,360,217,0
909,0,0,909,39,1167,174,360,217,0
910,0,0,910,21,1185,61,361,217,0
911,0,0,911,28,929,71,361,216,0
912,0,0,912,33,1049,0,361,216,0
913,0,0,913,33,1056,50,361,216,0
914,0,0,914,43,1123,0,361,216,0
915,0,0,915,23,973,90,363,216,0
916,0,0,916,56,1258,30,362,215,0
917,0,0,917,0,1037,0,362,214,0
918,0,0,918,17,1180,52,362,214,0
919,0,0,919,40,1084,0,362,214,0
920,0,0,920,17,1075,128,362,214,0
921,0,0,921,0,1101,152,362,214,0
922,0,0,922,0,1125,155,362,214,0
923,0,0,923,0,1101,7,361,214,0
924,0,0,924,15,1169,224,361,214,0
925,0,0,925,44,1179,11,362,214,0
926,0,0,926,6,1063,0,362,215,0
927,0,0,927,26,968,0,362,215,0
928,0,0,928,44,962,52,362,214,0
929,0,0,929,41,936,0,362,213,0
930,0,0,930,0,1061,42,359,213,0
931,0,0,931,47,1071,174,359,213,0
932,0,0,932,17,1015,20,359,213,0
933,0,0,933,27,1010,58,359,212,0
934,0,0,934,20,968,47,359,212,0
935,0,0,935,5,963,71,359,212,0
936,0,0,936,21,1097,1,359,212,0
937,0,0,937,0,1048,97,358,212,0
938,0,0,938,15,955,242,358,212,0
939,0,0,939,0,1087,100,358,212,0
940,0,0,940,0,1172,0,358,212,0
941,0,0,941,14,976,97,358,212,0
942,0,0,942,0,1182,13,358,212,0
943,0,0,943,0,934,95,358,213,0
944,0,0,944,57,1152,197,358,214,0
945,0,0,945,20,1021,19,359,215,0
946,0,0,946,4,1055,0,359,215,0
947,0,0,947,41,1027,94,359,215,0
948,0,0,948,28,849,32,359,216,0
949,0,0,949,0,862,0,359,216,0
950,0,0,950,33,1087,113,359,216,0
951,0,0,951,0,952,58,359,216,0
952,0,0,952,6,987,134,358,216,0
953,0,0,953,33,1039,89,356,218,0
954,0,0,954,0,1139,33,355,218,0
955,0,0,955,3,974,0,355,218,0
956,0,0,956,46,1100,222,354,218,0
957,0,0,957,76,1164,114,355,218,0
958,0,0,958,0,1003,135,355,219,0
959,0,0,959,23,1101,0,356,219,0
960,0,0,960,86,1152,26,356,218,0
961,0,0,961,19,1120,130,356,217,0
962,0,0,962,0,1265,0,356,218,0
963,0,0,963,36,1163,74,356,219,0
964,0,0,964,13,1133,0,356,219,0
965,0,0,965,4,1105,26,356,218,0
966,0,0,966,14,1198,182,356,218,0
967,0,0,967,41,1262,0,357,218,0
968,0,0,968,19,1281,0,357,218,0
969,0,0,969,30,1247,83,358,218,0
970,0,0,970,29,1268,24,357,218,0
971,0,0,971,52,1510,134,357,218,0
972,0,0,972,18,1324,0,357,218,0
973,0,0,973,0,1348,137,357,221,0
974,0,0,974,44,1332,105,357,222,0
975,0,0,975,9,1338,43,355,222,0
976,0,0,976,0,1156,27,355,222,0
977,0,0,977,0,1309,27,355,222,0
978,0,0,978,49,1180,0,354,222,0
979,0,0,979,3,1215,0,354,222,0
980,0,0,980,20,1141,29,354,222,0
981,0,0,981,14,1373,0,355,224,0
982,0,0,982,41,1243,75,355,224,0
983,0,0,983,21,1156,0,356,224,0
984,0,0,984,42,1094,118,355,225,0
985,0,0,985,21,1176,0,355,224,0
986,0,0,986,14,1138,47,355,224,0
987,0,0,987,0,1235,96,354,223,0
988,0,0,988,0,1063,89,354,223,0
989,0,0,989,0,1379,103,355,225,0
990,0,0,990,20,1241,12,356,225,0
991,0,0,991,52,1429,67,355,225,0
992,0,0,992,15,1175,70,355,226,0
993,0,0,993,30,1253,297,354,226,0
994,0,0,994,9,1295,67,355,226,0
995,0,0,995,29,1304,10,354,226,0
996,0,0,996,0,1450,241,353,226,0
997,0,0,997,7,1177,241,353,226,0
998,0,0,998,20,1296,148,353,226,0
999,0,0,999,23,1194,72,352,226,0
0,0,1,0,12,1137,11,390,259,1
1,0,1,1,0,1205,170,389,259,1
2,0,1,2,4,1298,9,389,260,1
3,0,1,3,19,1075,0,389,260,1
4,0,1,4,7,1122,0,389,258,1
5,0,1,5,67,1124,33,389,259,1
6,0,1,6,20,1285,16,390,259,1
7,0,1,7,0,1191,89,390,259,1
8,0,1,8,6,1193,9,389,260,1
9,0,1,9,15,1332,99,389,260,1
10,0,1,10,5,1113,9,389,260,1
11,0,1,11,0,1349,0,389,260,1
12,0,1,12,0,1357,0,390,262,1
13,0,1,13,14,1191,206,388,262,1
14,0,1,14,6,1226,78,389,262,1
15,0,1,15,14,1156,30,389,262,1
16,0,1,16,0,1226,0,389,262,1
17,0,1,17,8,1301,7,389,262,1
18,0,1,18,0,1208,0,388,262,1
19,0,1,19,0,1316,69,387,264,1
20,0,1,20,0,1248,11,387,264,1
21,0,1,21,31,1176,54,386,262,1
22,0,1,22,4,1286,0,387,263,1
23,0,1,23,0,1247,0,386,263,1
24,0,1,24,43,1285,0,385,263,1
25,0,1,25,0,1143,16,386,263,1
26,0,1,26,0,1143,0,386,264,1
27,0,1,27,8,1253,0,386,265,1
28,0,1,28,8,1291,32,386,265,1
29,0,1,29,40,1279,0,388,266,1
30,0,1,30,24,1260,0,388,266,1
31,0,1,31,19,1292,64,388,266,1
32,0,1,32,22,1323,0,387,266,1
33,0,1,33,23,1336,0,386,267,1
34,0,1,34,11,1303,0,385,268,1
35,0,1,35,32,1215,88,385,269,1
36,0,1,36,30,1380,0,385,269,1
37,0,1,37,34,1412,0,385,269,1
38,0,1,38,38,1024,120,385,270,1
39,0,1,39,12,1263,225,384,270,1
40,0,1,40,60,1404,101,384,270,1
41,0,1,41,45,1387,129,384,269,1
42,0,1,42,10,1314,66,384,269,1
43,0,1,43,0,1227,0,383,271,1
44,0,1,44,0,1330,0,382,269,1
45,0,1,45,31,1140,21,382,269,1
46,0,1,46,39,1191,85,382,269,1
47,0,1,47,22,1326,105,382,269,1
48,0,1,48,0,1122,50,382,269,1
49,0,1,49,0,1185,0,382,268,1
50,0,1,50,8,1104,0,382,268,1
51,0,1,51,36,1101,47,382,268,1
52,0,1,52,0,1164,12,382,268,1
53,0,1,53,8,1215,0,382,268,1
54,0,1,54,24,1076,47,382,269,1
55,0,1,55,36,1115,41,382,270,1
56,0,1,56,8,1283,91,383,270,1
57,0,1,57,14,1098,0,383,270,1
58,0,1,58,8,1264,75,383,270,1
59,0,1,59,27,1140,0,383,270,1
60,0,1,60,8,1252,0,383,270,1
61,0,1,61,20,1164,0,383,269,1
62,0,1,62,25,1277,73,383,269,1
63,0,1,63,18,1190,0,383,270,1
64,0,1,64,18,1075,138,383,270,1
65,0,1,65,24,1214,75,383,270,1
66,0,1,66,48,1339,72,384,270,1
67,0,1,67,15,1155,20,384,272,1
68,0,1,68,24,1064,0,383,273,1
69,0,1,69,0,1313,0,383,273,1
70,0,1,70,44,1319,0,383,273,1
71,0,1,71,14,1199,110,384,273,1
72,0,1,72,0,1024,23,385,273,1
73,0,1,73,0,1242,0,385,272,1
74,0,1,74,7,1028,103,385,272,1
75,0,1,75,34,1066,103,385,272,1
76,0,1,76,0,1083,0,384,272,1
77,0,1,77,18,1033,0,385,272,1
78,0,1,78,60,1148,0,385,272,1
79,0,1,79,17,1028,0,385,271,1
80,0,1,80,0,1028,0,385,271,1
81,0,1,81,0,966,0,385,269,1
82,0,1,82,1,1205,118,384,269,1
83,0,1,83,0,1312,31,383,268,1
84,0,1,84,0,1059,0,383,268,1
85,0,1,85,12,1270,59,384,267,1
86,0,1,86,10,1250,73,382,267,1
87,0,1,87,22,987,73,382,267,1
88,0,1,88,0,1223,39,382,266,1
89,0,1,89,38,1252,191,382,265,1
90,0,1,90,0,1244,0,382,264,1
91,0,1,91,48,1080,101,381,264,1
92,0,1,92,28,1185,77,381,264,1
93,0,1,93,51,1135,47,381,265,1
94,0,1,94,8,1213,0,381,265,1
95,0,1,95,0,1199,225,381,265,1
96,0,1,96,0,1282,47,381,265,1
97,0,1,97,16,1015,158,382,265,1
98,0,1,98,0,1033,6,382,265,1
99,0,1,99,45,1160,0,381,265,1
100,0,1,100,0,1252,157,381,265,1
101,0,1,101,24,1188,155,381,264,1
102,0,1,102,0,1217,52,382,264,1
103,0,1,103,0,1121,0,382,262,1
104,0,1,104,28,1130,0,381,264,1
105,0,1,105,0,1114,22,381,263,1
106,0,1,106,48,1221,0,382,263,1
107,0,1,107,42,1074,86,382,264,1
108,0,1,108,29,1014,45,384,264,1
109,0,1,109,12,1112,3,384,263,1
110,0,1,110,15,1102,53,384,264,1
111,0,1,111,29,1103,0,384,264,1
112,0,1,112,33,1018,109,384,264,1
113,0,1,113,12,1107,14,384,263,1
114,0,1,114,26,1097,52,384,263,1
115,0,1,115,27,1048,0,384,263,1
116,0,1,116,0,953,57,384,263,1
117,0,1,117,14,1080,20,383,263,1
118,0,1,118,0,1091,30,383,262,1
119,0,1,119,35,1102,0,383,262,1
120,0,1,120,0,1080,0,383,263,1
121,0,1,121,41,1133,371,384,263,1
122,0,1,122,0,1095,0,384,263,1
123,0,1,123,26,1039,0,384,263,1
124,0,1,124,62,964,52,384,263,1
125,0,1,125,42,1036,28,383,262,1
126,0,1,126,0,1082,0,382,262,1
127,0,1,127,0,986,23,382,262,1
128,0,1,128,27,988,83,382,261,1
129,0,1,129,68,1096,290,383,261,1
130,0,1,130,7,981,0,383,260,1
131,0,1,131,7,925,0,383,260,1
132,0,1,132,23,1137,38,383,259,1
133,0,1,133,40,1238,3,382,259,1
134,0,1,134,45,998,0,383,260,1
135,0,1,135,24,961,68,383,259,1
136,0,1,136,5,1109,0,384,259,1
137,0,1,137,7,938,0,384,259,1
138,0,1,138,0,1137,0,384,260,1
139,0,1,139,17,1012,83,384,261,1
140,0,1,140,22,1041,0,385,260,1
141,0,1,141,49,990,2,385,260,1
142,0,1,142,41,1037,0,384,260,1
143,0,1,143,9,1123,52,383,260,1
144,0,1,144,10,1009,0,383,258,1
145,0,1,145,34,1034,99,383,258,1
146,0,1,146,43,1201,0,382,258,1
147,0,1,147,15,1197,0,382,259,1
148,0,1,148,55,1118,55,382,259,1
149,0,1,149,0,1094,0,382,260,1
150,0,1,150,5,1208,0,382,261,1
151,0,1,151,45,1045,244,383,260,1
152,0,1,152,21,1103,0,383,262,1
153,0,1,153,24,1029,95,382,262,1
154,0,1,154,0,1036,0,382,262,1
155,0,1,155,26,1137,41,383,262,1
156,0,1,156,5,1075,68,383,259,1
157,0,1,157,29,1039,0,383,260,1
158,0,1,158,10,1151,305,384,262,1
159,0,1,159,10,1171,0,384,262,1
160,0,1,160,29,1126,0,382,263,1
161,0,1,161,0,1239,32,382,262,1
162,0,1,162,65,1162,95,382,262,1
163,0,1,163,0,1247,0,382,262,1
164,0,1,164,0,1084,0,382,261,1
165,0,1,165,0,1170,31,382,261,1
166,0,1,166,0,1200,0,382,261,1
167,0,1,167,66,1090,38,384,261,1
168,0,1,168,59,1251,0,384,260,1
169,0,1,169,41,1099,0,384,260,1
170,0,1,170,35,1151,0,384,260,1
171,0,1,171,17,1373,101,383,260,1
172,0,1,172,45,1204,0,383,260,1
173,0,1,173,9,1114,85,383,260,1
174,0,1,174,0,1081,0,383,260,1
175,0,1,175,43,1253,0,383,260,1
176,0,1,176,0,1012,37,384,262,1
177,0,1,177,0,1135,0,385,263,1
178,0,1,178,21,1175,0,384,263,1
179,0,1,179,20,1159,0,384,264,1
180,0,1,180,33,1203,8,384,264,1
181,0,1,181,46,1265,52,384,263,1
182,0,1,182,0,1535,108,384,263,1
183,0,1,183,30,1186,79,383,263,1
184,0,1,184,0,1237,20,383,263,1
185,0,1,185,24,1477,0,383,264,1
186,0,1,186,45,1199,155,383,264,1
187,0,1,187,50,1172,186,383,264,1
188,0,1,188,7,1235,0,382,263,1
189,0,1,189,0,1229,0,383,263,1
190,0,1,190,0,1262,108,384,263,1
191,0,1,191,27,1214,0,384,263,1
192,0,1,192,57,1325,115,383,263,1
193,0,1,193,0,1206,168,383,263,1
194,0,1,194,47,1239,42,385,262,1
195,0,1,195,39,1204,41,385,261,1
196,0,1,196,10,1168,0,385,259,1
197,0,1,197,10,1137,0,385,259,1
198,0,1,198,19,1202,0,385,259,1
199,0,1,199,0,1300,0,385,259,1
200,0,1,200,31,1297,0,385,258,1
201,0,1,201,17,1357,0,385,258,1
202,0,1,202,40,1237,3,386,258,1
203,0,1,203,0,1237,0,385,258,1
204,0,1,204,0,1230,29,387,260,1
205,0,1,205,37,1232,0,387,263,1
206,0,1,206,27,1392,2,387,264,1
207,0,1,207,19,1402,99,387,264,1
208,0,1,208,25,1391,9,386,263,1
209,0,1,209,15,1342,4,386,263,1
210,0,1,210,16,1396,159,385,264,1
211,0,1,211,18,1245,0,386,264,1
212,0,1,212,18,1348,0,385,263,1
213,0,1,213,11,1234,0,385,263,1
214,0,1,214,18,1359,0,385,262,1
215,0,1,215,0,1425,52,384,263,1
216,0,1,216,0,1379,70,384,265,1
217,0,1,217,51,1485,0,384,265,1
218,0,1,218,0,1400,0,384,265,1
219,0,1,219,0,1409,147,384,265,1
220,0,1,220,23,1453,76,385,266,1
221,0,1,221,16,1399,0,386,266,1
222,0,1,222,37,1460,0,384,266,1
223,0,1,223,0,1388,5,384,266,1
224,0,1,224,0,1313,114,384,265,1
225,0,1,225,0,1481,95,384,265,1
226,0,1,226,3,1451,50,384,266,1
227,0,1,227,0,1378,11,384,266,1
228,0,1,228,3,1464,97,384,266,1
229,0,1,229,30,1424,0,384,267,1
230,0,1,230,0,1464,130,384,266,1
231,0,1,231,3,1463,106,384,266,1
232,0,1,232,0,1483,0,384,266,1
233,0,1,233,21,1468,199,386,266,1
234,0,1,234,25,1394,57,387,266,1
235,0,1,235,18,1283,55,387,267,1
236,0,1,236,41,1519,152,387,267,1
237,0,1,237,0,1543,0,387,267,1
238,0,1,238,60,1357,132,387,267,1
239,0,1,239,0,1568,0,387,267,1
240,0,1,240,18,1422,66,387,267,1
241,0,1,241,0,1460,0,388,267,1
242,0,1,242,0,1577,61,388,268,1
243,0,1,243,0,1437,40,387,268,1
244,0,1,244,52,1481,127,387,266,1
245,0,1,245,16,1635,0,386,266,1
246,0,1,246,47,1538,32,386,265,1
247,0,1,247,26,1447,0,385,265,1
248,0,1,248,4,1454,61,385,265,1
249,0,1,249,14,1479,11,384,265,1
250,0,1,250,51,1480,95,384,265,1
251,0,1,251,0,1402,0,384,266,1
252,0,1,252,30,1415,130,384,266,1
253,0,1,253,6,1482,106,384,266,1
254,0,1,254,0,1582,76,385,266,1
255,0,1,255,29,1471,83,385,267,1
256,0,1,256,0,1624,0,384,267,1
257,0,1,257,37,1651,91,383,265,1
258,0,1,258,14,1471,0,384,265,1
259,0,1,259,6,1620,95,384,266,1
260,0,1,260,0,1528,147,384,266,1
261,0,1,261,11,1713,0,383,266,1
262,0,1,262,25,1675,137,383,266,1
263,0,1,263,40,1664,261,382,266,1
264,0,1,264,0,1658,17,382,266,1
265,0,1,265,0,1696,261,382,266,1
266,0,1,266,6,1666,121,382,266,1
267,0,1,267,24,1658,22,382,266,1
268,0,1,268,33,1589,130,380,265,1
269,0,1,269,33,1601,156,380,265,1
270,0,1,270,4,1535,0,380,265,1
271,0,1,271,22,1539,42,381,264,1
272,0,1,272,38,1763,7,382,264,1
273,0,1,273,36,1532,80,381,263,1
274,0,1,274,0,1494,70,381,262,1
275,0,1,275,7,1543,194,381,261,1
276,0,1,276,0,1574,25,381,261,1
277,0,1,277,0,1528,130,381,261,1
278,0,1,278,16,1695,103,381,261,1
279,0,1,279,48,1613,25,383,261,1
280,0,1,280,60,1648,115,383,263,1
281,0,1,281,13,1655,0,383,263,1
282,0,1,282,11,1697,0,383,264,1
283,0,1,283,2,1738,0,383,264,1
284,0,1,284,38,1529,0,385,263,1
285,0,1,285,18,1621,0,385,263,1
286,0,1,286,0,1539,211,386,263,1
287,0,1,287,4,1632,1,386,263,1
288,0,1,288,0,1464,56,386,263,1
289,0,1,289,0,1589,0,386,263,1
290,0,1,290,0,1641,0,385,263,1
291,0,1,291,11,1585,0,385,262,1
292,0,1,292,25,1748,9,386,263,1
293,0,1,293,8,1755,9,386,263,1
294,0,1,294,13,1525,0,386,263,1
295,0,1,295,0,1555,3,387,263,1
296,0,1,296,0,1594,0,387,262,1
297,0,1,297,0,1482,14,387,262,1
298,0,1,298,25,1523,0,385,262,1
299,0,1,299,0,1548,0,385,262,1
300,0,1,300,1,1482,0,385,263,1
301,0,1,301,20,1555,0,385,263,1
302,0,1,302,16,1467,0,386,264,1
303,0,1,303,0,1708,9,387,265,1
304,0,1,304,0,1639,82,387,265,1
305,0,1,305,0,1541,0,387,267,1
306,0,1,306,41,1554,0,387,267,1
307,0,1,307,50,1540,30,388,267,1
308,0,1,308,0,1486,38,388,267,1
309,0,1,309,0,1495,0,387,267,1
310,0,1,310,63,1632,4,387,266,1
311,0,1,311,14,1606,56,387,265,1
312,0,1,312,28,1599,0,387,266,1
313,0,1,313,8,1805,0,387,266,1
314,0,1,314,17,1523,40,387,268,1
315,0,1,315,32,1694,23,387,270,1
316,0,1,316,12,1693,0,387,270,1
317,0,1,317,6,1471,119,383,270,1
318,0,1,318,0,1654,0,383,270,1
319,0,1,319,16,1636,0,382,270,1
320,0,1,320,0,1510,13,383,270,1
321,0,1,321,43,1676,0,383,270,1
322,0,1,322,0,1561,35,383,270,1
323,0,1,323,0,1662,75,383,270,1
324,0,1,324,10,1561,48,383,270,1
325,0,1,325,7,1668,86,383,269,1
326,0,1,326,5,1589,0,383,269,1
327,0,1,327,9,1749,0,383,269,1
328,0,1,328,12,1581,100,383,269,1
329,0,1,329,15,1510,160,383,269,1
330,0,1,330,3,1665,0,383,269,1
331,0,1,331,15,1588,0,383,269,1
332,0,1,332,43,1707,80,383,270,1
333,0,1,333,4,1685,0,383,271,1
334,0,1,334,6,1626,125,383,270,1
335,0,1,335,21,1694,81,383,272,1
336,0,1,336,21,1605,101,383,272,1
337,0,1,337,36,1722,0,383,272,1
338,0,1,338,12,1660,20,383,271,1
339,0,1,339,57,1618,70,383,271,1
340,0,1,340,17,1660,0,383,271,1
341,0,1,341,70,1629,15,384,272,1
342,0,1,342,0,1583,0,384,272,1
343,0,1,343,14,1537,40,384,273,1
344,0,1,344,22,1595,25,384,274,1
345,0,1,345,69,1634,21,385,274,1
346,0,1,346,52,1750,87,385,275,1
347,0,1,347,16,1641,55,386,275,1
348,0,1,348,0,1592,55,386,275,1
349,0,1,349,11,1718,3,386,275,1
350,0,1,350,0,1633,32,386,274,1
351,0,1,351,20,1649,119,386,274,1
352,0,1,352,78,1547,4,386,275,1
353,0,1,353,20,1595,94,387,275,1
354,0,1,354,32,1599,66,388,275,1
355,0,1,355,0,1521,0,388,275,1
356,0,1,356,10,1506,129,388,275,1
357,0,1,357,0,1694,0,388,275,1
358,0,1,358,0,1551,7,388,274,1
359,0,1,359,32,1494,52,388,274,1
360,0,1,360,31,1521,54,388,273,1
361,0,1,361,11,1559,0,388,273,1
362,0,1,362,22,1534,0,391,275,1
363,0,1,363,30,1564,0,391,275,1
364,0,1,364,19,1499,0,390,273,1
365,0,1,365,25,1674,0,391,273,1
366,0,1,366,0,1532,103,390,273,1
367,0,1,367,23,1556,88,391,275,1
368,0,1,368,23,1398,0,391,275,1
369,0,1,369,27,1634,0,391,274,1
370,0,1,370,24,1546,0,391,275,1
371,0,1,371,17,1545,39,391,275,1
372,0,1,372,0,1521,0,391,277,1
373,0,1,373,16,1583,78,391,278,1
374,0,1,374,0,1480,139,392,278,1
375,0,1,375,0,1548,51,392,277,1
376,0,1,376,0,1552,0,392,277,1
377,0,1,377,21,1468,31,392,277,1
378,0,1,378,61,1612,43,392,276,1
379,0,1,379,16,1568,35,392,276,1
380,0,1,380,0,1576,0,392,276,1
381,0,1,381,3,1636,0,393,276,1
382,0,1,382,51,1536,41,393,276,1
383,0,1,383,0,1590,0,393,275,1
384,0,1,384,23,1637,137,393,275,1
385,0,1,385,3,1659,17,392,276,1
386,0,1,386,0,1659,0,392,278,1
387,0,1,387,0,1631,0,392,278,1
388,0,1,388,33,1437,57,393,274,1
389,0,1,389,20,1549,66,394,274,1
390,0,1,390,4,1519,54,392,274,1
391,0,1,391,6,1590,150,393,274,1
392,0,1,392,46,1587,0,393,275,1
393,0,1,393,29,1414,54,393,275,1
394,0,1,394,0,1642,106,394,274,1
395,0,1,395,4,1595,43,394,274,1
396,0,1,396,0,1662,54,392,274,1
397,0,1,397,26,1500,0,392,272,1
398,0,1,398,32,1520,38,392,272,1
399,0,1,399,11,1442,0,391,274,1
400,0,1,400,0,1520,79,391,274,1
401,0,1,401,43,1358,0,391,274,1
402,0,1,402,14,1466,0,391,274,1
403,0,1,403,0,1456,39,391,275,1
404,0,1,404,21,1456,39,391,275,1
405,0,1,405,31,1452,11,390,273,1
406,0,1,406,8,1457,0,390,273,1
407,0,1,407,8,1400,0,390,273,1
408,0,1,408,19,1405,0,390,273,1
409,0,1,409,0,1486,0,391,273,1
410,0,1,410,0,1506,0,391,273,1
411,0,1,411,45,1566,0,392,273,1
412,0,1,412,24,1462,0,392,273,1
413,0,1,413,15,1485,0,392,273,1
414,0,1,414,12,1491,0,392,273,1
415,0,1,415,4,1447,0,392,273,1
416,0,1,416,8,1440,0,392,273,1
417,0,1,417,53,1504,0,392,273,1
418,0,1,418,0,1469,0,391,272,1
419,0,1,419,14,1531,90,391,271,1
420,0,1,420,3,1495,0,391,272,1
421,0,1,421,10,1453,0,391,273,1
422,0,1,422,25,1325,54,391,273,1
423,0,1,423,14,1556,0,391,274,1
424,0,1,424,1,1460,0,393,274,1
425,0,1,425,34,1456,0,393,273,1
426,0,1,426,13,1496,141,395,273,1
427,0,1,427,1,1520,4,395,274,1
428,0,1,428,10,1422,25,395,273,1
429,0,1,429,23,1473,125,394,273,1
430,0,1,430,0,1442,0,393,273,1
431,0,1,431,54,1521,56,393,274,1
432,0,1,432,6,1521,0,393,274,1
433,0,1,433,27,1481,0,393,274,1
434,0,1,434,9,1394,0,393,274,1
435,0,1,435,0,1287,55,393,274,1
436,0,1,436,0,1221,0,393,274,1
437,0,1,437,54,1391,113,394,274,1
438,0,1,438,0,1456,0,393,274,1
439,0,1,439,3,1346,76,393,276,1
440,0,1,440,41,1336,115,393,278,1
441,0,1,441,0,1442,0,394,278,1
442,0,1,442,9,1448,0,394,278,1
443,0,1,443,11,1337,0,393,276,1
444,0,1,444,0,1427,0,392,276,1
445,0,1,445,14,1422,43,392,276,1
446,0,1,446,43,1425,0,392,276,1
447,0,1,447,27,1351,49,392,277,1
448,0,1,448,30,1311,43,392,276,1
449,0,1,449,33,1403,77,392,276,1
450,0,1,450,18,1182,36,393,276,1
451,0,1,451,0,1321,67,393,276,1
452,0,1,452,12,1434,0,393,275,1
453,0,1,453,0,1311,0,393,275,1
454,0,1,454,42,1440,1,394,275,1
455,0,1,455,46,1366,92,393,275,1
456,0,1,456,27,1393,0,393,275,1
457,0,1,457,1,1333,39,393,274,1
458,0,1,458,19,1424,61,393,272,1
459,0,1,459,0,1400,45,393,272,1
460,0,1,460,6,1446,1,392,272,1
461,0,1,461,16,1477,115,392,272,1
462,0,1,462,24,1434,0,392,272,1
463,0,1,463,4,1387,0,392,272,1
464,0,1,464,2,1369,0,391,272,1
465,0,1,465,14,1487,0,392,272,1
466,0,1,466,0,1380,0,392,272,1
467,0,1,467,27,1514,52,391,272,1
468,0,1,468,15,1364,0,389,272,1
469,0,1,469,36,1446,0,389,272,1
470,0,1,470,0,1450,0,389,273,1
471,0,1,471,0,1591,0,389,274,1
472,0,1,472,0,1609,0,390,274,1
473,0,1,473,7,1515,0,390,274,1
474,0,1,474,3,1455,86,389,274,1
475,0,1,475,0,1482,23,389,274,1
476,0,1,476,0,1520,0,389,274,1
477,0,1,477,0,1533,14,388,274,1
478,0,1,478,48,1488,0,389,274,1
479,0,1,479,0,1507,0,388,274,1
480,0,1,480,0,1514,14,388,274,1
481,0,1,481,0,1494,0,388,274,1
482,0,1,482,0,1379,0,388,273,1
483,0,1,483,25,1601,54,388,273,1
484,0,1,484,42,1520,23,387,273,1
485,0,1,485,51,1612,0,389,274,1
486,0,1,486,0,1514,2,389,274,1
487,0,1,487,0,1498,53,390,274,1
488,0,1,488,31,1538,0,390,273,1
489,0,1,489,49,1637,45,389,273,1
490,0,1,490,37,1520,18,389,273,1
491,0,1,491,25,1569,11,389,273,1
492,0,1,492,47,1547,139,389,273,1
493,0,1,493,32,1524,57,389,272,1
494,0,1,494,32,1534,0,389,272,1
495,0,1,495,35,1534,0,389,272,1
496,0,1,496,20,1510,100,389,270,1
497,0,1,497,7,1554,133,389,270,1
498,0,1,498,0,1645,36,390,270,1
499,0,1,499,20,1657,133,389,270,1
500,0,1,500,2,1645,0,386,270,1
501,0,1,501,38,1545,8,385,270,1
502,0,1,502,34,1698,8,385,270,1
503,0,1,503,10,1589,5,384,269,1
504,0,1,504,13,1415,31,384,270,1
505,0,1,505,38,1587,0,385,270,1
506,0,1,506,7,1482,225,384,270,1
507,0,1,507,43,1547,0,385,270,1
508,0,1,508,0,1528,115,385,269,1
509,0,1,509,53,1620,82,385,271,1
510,0,1,510,24,1545,53,386,270,1
511,0,1,511,0,1471,135,386,269,1
512,0,1,512,0,1384,31,387,269,1
513,0,1,513,21,1476,120,387,269,1
514,0,1,514,0,1579,27,388,268,1
515,0,1,515,0,1541,73,387,268,1
516,0,1,516,0,1584,0,386,268,1
517,0,1,517,46,1494,8,387,268,1
518,0,1,518,11,1526,22,387,269,1
519,0,1,519,17,1387,144,387,267,1
520,0,1,520,7,1435,152,387,267,1
521,0,1,521,0,1631,147,387,267,1
522,0,1,522,0,1633,6,386,267,1
523,0,1,523,28,1392,40,386,267,1
524,0,1,524,19,1639,158,386,267,1
525,0,1,525,0,1620,0,387,267,1
526,0,1,526,51,1565,0,387,267,1
527,0,1,527,0,1456,78,388,268,1
528,0,1,528,1,1646,0,388,268,1
529,0,1,529,0,1579,27,388,268,1
530,0,1,530,0,1538,0,388,267,1
531,0,1,531,35,1561,164,389,267,1
532,0,1,532,9,1493,17,389,268,1
533,0,1,533,10,1602,0,390,270,1
534,0,1,534,7,1602,17,390,270,1
535,0,1,535,13,1604,0,391,270,1
536,0,1,536,12,1498,136,391,269,1
537,0,1,537,0,1503,109,392,269,1
538,0,1,538,6,1722,82,393,269,1
539,0,1,539,7,1602,56,393,268,1
540,0,1,540,4,1483,0,393,268,1
541,0,1,541,24,1647,11,393,268,1
542,0,1,542,10,1560,3,393,269,1
543,0,1,543,11,1749,0,394,268,1
544,0,1,544,11,1632,0,394,269,1
545,0,1,545,36,1612,3,394,269,1
546,0,1,546,29,1590,21,394,269,1
547,0,1,547,15,1759,253,394,269,1
548,0,1,548,14,1624,20,394,269,1
549,0,1,549,18,1558,253,394,269,1
550,0,1,550,14,1543,49,394,269,1
551,0,1,551,30,1721,198,395,269,1
552,0,1,552,47,1705,63,395,269,1
553,0,1,553,0,1753,0,395,270,1
554,0,1,554,32,1611,79,397,270,1
555,0,1,555,15,1623,16,397,270,1
556,0,1,556,21,1646,0,397,272,1
557,0,1,557,32,1589,73,397,272,1
558,0,1,558,20,1679,6,395,272,1
559,0,1,559,57,1527,147,396,272,1
560,0,1,560,46,1676,0,396,272,1
561,0,1,561,39,1643,218,395,271,1
562,0,1,562,13,1831,38,395,271,1
563,0,1,563,30,1663,43,398,271,1
564,0,1,564,0,1621,49,397,271,1
565,0,1,565,0,1635,0,397,271,1
566,0,1,566,8,1593,3,397,271,1
567,0,1,567,13,1599,102,397,271,1
568,0,1,568,39,1583,11,398,271,1
569,0,1,569,24,1670,0,399,271,1
570,0,1,570,21,1641,0,398,271,1
571,0,1,571,16,1759,0,398,271,1
572,0,1,572,16,1639,124,398,271,1
573,0,1,573,16,1755,11,398,271,1
574,0,1,574,15,1739,0,398,271,1
575,0,1,575,59,1882,0,398,272,1
576,0,1,576,30,1845,0,398,271,1
577,0,1,577,10,1709,140,399,270,1
578,0,1,578,0,1830,51,399,270,1
579,0,1,579,5,1778,44,399,270,1
580,0,1,580,16,1823,0,398,271,1
581,0,1,581,16,1822,21,398,271,1
582,0,1,582,16,1841,134,398,271,1
583,0,1,583,16,1845,0,398,271,1
584,0,1,584,0,1692,0,398,271,1
585,0,1,585,15,1648,120,398,271,1
586,0,1,586,12,1730,120,398,271,1
587,0,1,587,35,1613,0,399,271,1
588,0,1,588,0,1636,59,400,272,1
589,0,1,589,57,1786,0,399,272,1
590,0,1,590,57,1719,11,399,272,1
591,0,1,591,3,1662,18,399,272,1
592,0,1,592,0,1675,14,399,272,1
593,0,1,593,10,1727,18,399,272,1
594,0,1,594,31,1903,118,399,273,1
595,0,1,595,44,1765,0,399,275,1
596,0,1,596,8,1879,27,399,275,1
597,0,1,597,24,1832,73,399,275,1
598,0,1,598,26,1820,19,399,275,1
599,0,1,599,40,1828,47,399,275,1
600,0,1,600,18,1839,0,399,275,1
601,0,1,601,36,1910,0,397,275,1
602,0,1,602,0,1827,0,397,275,1
603,0,1,603,10,1788,23,397,274,1
604,0,1,604,67,1955,0,397,273,1
605,0,1,605,1,1994,0,397,272,1
606,0,1,606,32,1779,62,397,272,1
607,0,1,607,22,1959,62,397,272,1
608,0,1,608,6,1977,6,395,272,1
609,0,1,609,40,1971,130,396,272,1
610,0,1,610,11,1977,87,396,272,1
611,0,1,611,3,1918,34,394,272,1
612,0,1,612,13,1982,102,394,272,1
613,0,1,613,0,2047,120,395,272,1
614,0,1,614,11,2087,12,395,272,1
615,0,1,615,24,2065,0,395,274,1
616,0,1,616,12,1850,0,395,276,1
617,0,1,617,29,1892,63,395,276,1
618,0,1,618,2,2048,37,395,275,1
619,0,1,619,0,2075,0,395,277,1
620,0,1,620,12,1854,79,394,277,1
621,0,1,621,55,2048,0,393,276,1
622,0,1,622,13,1859,0,393,276,1
623,0,1,623,26,2013,99,393,276,1
624,0,1,624,55,2118,0,393,276,1
625,0,1,625,0,2114,1,393,276,1
626,0,1,626,28,1922,0,393,276,1
627,0,1,627,0,2042,0,393,276,1
628,0,1,628,10,1912,30,392,275,1
629,0,1,629,0,2005,132,392,274,1
630,0,1,630,4,2002,0,392,274,1
631,0,1,631,4,1931,16,392,274,1
632,0,1,632,27,1991,0,391,274,1
633,0,1,633,1,1991,113,391,274,1
634,0,1,634,4,2075,77,391,274,1
635,0,1,635,17,1923,53,390,274,1
636,0,1,636,52,2048,53,389,274,1
637,0,1,637,28,1943,0,389,273,1
638,0,1,638,10,2038,56,390,274,1
639,0,1,639,17,1937,0,390,274,1
640,0,1,640,0,1971,16,392,274,1
641,0,1,641,28,2015,15,392,275,1
642,0,1,642,10,2045,108,392,275,1
643,0,1,643,37,2068,13,392,275,1
644,0,1,644,1,2022,54,393,276,1
645,0,1,645,51,1887,1,393,276,1
646,0,1,646,0,2005,43,392,276,1
647,0,1,647,23,2010,0,393,275,1
648,0,1,648,29,1831,48,393,275,1
649,0,1,649,5,1997,65,394,275,1
650,0,1,650,0,1913,0,393,275,1
651,0,1,651,0,2032,122,393,274,1
652,0,1,652,2,2075,150,393,274,1
653,0,1,653,14,2040,0,394,275,1
654,0,1,654,0,1955,17,394,276,1
655,0,1,655,3,1884,49,392,276,1
656,0,1,656,30,1885,0,392,276,1
657,0,1,657,12,1875,0,392,275,1
658,0,1,658,0,1882,0,392,275,1
659,0,1,659,5,1965,2,393,275,1
660,0,1,660,10,1841,0,393,275,1
661,0,1,661,9,1942,15,392,275,1
662,0,1,662,0,1748,43,391,275,1
663,0,1,663,18,1970,0,390,275,1
664,0,1,664,1,1834,90,390,275,1
665,0,1,665,0,1868,0,391,275,1
666,0,1,666,0,1847,130,390,275,1
667,0,1,667,0,2002,0,390,275,1
668,0,1,668,16,1879,0,390,275,1
669,0,1,669,0,1845,87,390,274,1
670,0,1,670,12,1910,0,390,272,1
671,0,1,671,3,2057,2,390,271,1
672,0,1,672,9,1874,0,389,271,1
673,0,1,673,15,1949,14,389,269,1
674,0,1,674,8,1804,0,389,269,1
675,0,1,675,0,1806,3,389,268,1
676,0,1,676,0,1882,0,388,268,1
677,0,1,677,26,1873,0,387,268,1
678,0,1,678,0,1963,0,387,269,1
679,0,1,679,22,1857,120,387,269,1
680,0,1,680,27,1962,0,387,269,1
681,0,1,681,0,1944,53,386,270,1
682,0,1,682,18,1773,96,386,270,1
683,0,1,683,0,1765,89,386,270,1
684,0,1,684,0,1949,35,386,269,1
685,0,1,685,22,1976,76,387,269,1
686,0,1,686,16,1926,78,386,269,1
687,0,1,687,1,1909,137,385,269,1
688,0,1,688,0,2008,0,385,269,1
689,0,1,689,51,1817,0,385,270,1
690,0,1,690,2,1926,26,386,270,1
691,0,1,691,32,2020,26,385,269,1
692,0,1,692,0,1992,0,385,268,1
693,0,1,693,0,1847,2,385,268,1
694,0,1,694,0,1992,53,385,268,1
695,0,1,695,31,2061,115,385,267,1
696,0,1,696,14,1812,112,385,266,1
697,0,1,697,0,1749,0,385,266,1
698,0,1,698,28,1956,95,384,266,1
699,0,1,699,33,1942,69,384,266,1
700,0,1,700,30,1907,147,384,266,1
701,0,1,701,0,1774,143,383,268,1
702,0,1,702,31,1778,143,383,268,1
703,0,1,703,1,1983,0,383,268,1
704,0,1,704,15,1846,0,383,269,1
705,0,1,705,0,1885,72,384,270,1
706,0,1,706,12,1675,124,384,270,1
707,0,1,707,0,1891,0,384,270,1
708,0,1,708,7,1657,124,384,270,1
709,0,1,709,31,1781,0,384,270,1
710,0,1,710,0,1788,8,382,270,1
711,0,1,711,0,1585,38,382,270,1
712,0,1,712,19,1726,0,381,270,1
713,0,1,713,5,1633,127,381,270,1
714,0,1,714,9,1657,38,382,270,1
715,0,1,715,16,1774,15,382,270,1
716,0,1,716,27,1713,0,382,271,1
717,0,1,717,16,1886,0,382,271,1
718,0,1,718,37,1848,97,383,271,1
719,0,1,719,0,1765,69,384,271,1
720,0,1,720,26,1793,61,384,271,1
721,0,1,721,0,1837,16,384,271,1
722,0,1,722,7,1799,31,384,270,1
723,0,1,723,0,1800,101,384,270,1
724,0,1,724,60,1863,0,384,270,1
725,0,1,725,26,1813,68,384,270,1
726,0,1,726,18,1782,0,385,269,1
727,0,1,727,30,1805,137,385,269,1
728,0,1,728,23,1865,110,385,268,1
729,0,1,729,3,1857,45,386,267,1
730,0,1,730,0,1628,8,387,266,1
731,0,1,731,22,1902,0,386,267,1
732,0,1,732,0,1819,0,387,268,1
733,0,1,733,0,1606,147,387,267,1
734,0,1,734,0,1856,0,386,266,1
735,0,1,735,0,1664,8,387,266,1
736,0,1,736,0,1830,0,388,269,1
737,0,1,737,20,1881,69,388,269,1
738,0,1,738,8,1629,0,389,268,1
739,0,1,739,7,1853,25,387,267,1
740,0,1,740,1,1799,0,386,266,1
741,0,1,741,0,1873,68,385,266,1
742,0,1,742,18,1693,86,386,266,1
743,0,1,743,3,1685,0,386,266,1
744,0,1,744,0,1850,0,386,267,1
745,0,1,745,23,1723,156,386,267,1
746,0,1,746,23,1793,139,386,267,1
747,0,1,747,3,1804,158,386,267,1
748,0,1,748,25,1884,0,385,267,1
749,0,1,749,4,1850,0,385,267,1
750,0,1,750,29,1797,0,385,267,1
751,0,1,751,34,1827,0,385,266,1
752,0,1,752,4,1651,0,385,267,1
753,0,1,753,25,1798,94,385,267,1
754,0,1,754,41,1832,12,385,268,1
755,0,1,755,0,1691,0,385,268,1
756,0,1,756,40,1832,122,385,268,1
757,0,1,757,23,1819,0,386,268,1
758,0,1,758,0,1761,0,387,268,1
759,0,1,759,21,1821,37,387,268,1
760,0,1,760,30,1741,0,388,268,1
761,0,1,761,49,1842,87,388,268,1
762,0,1,762,43,1875,0,387,269,1
763,0,1,763,4,1793,93,388,269,1
764,0,1,764,0,1877,0,388,269,1
765,0,1,765,11,1826,0,388,270,1
766,0,1,766,0,1807,0,389,270,1
767,0,1,767,0,1821,0,389,270,1
768,0,1,768,0,1804,30,389,270,1
769,0,1,769,0,1809,117,389,269,1
770,0,1,770,15,1881,0,389,269,1
771,0,1,771,8,1856,62,389,269,1
772,0,1,772,0,1936,0,389,269,1
773,0,1,773,9,1853,50,389,269,1
774,0,1,774,21,1871,0,387,269,1
775,0,1,775,9,2017,0,386,269,1
776,0,1,776,11,1933,54,386,268,1
777,0,1,777,28,1887,0,386,268,1
778,0,1,778,46,2014,136,385,268,1
779,0,1,779,70,1901,7,386,268,1
780,0,1,780,46,2060,79,385,268,1
781,0,1,781,0,2124,79,385,268,1
782,0,1,782,30,1908,2,385,268,1
783,0,1,783,9,1954,65,383,268,1
784,0,1,784,0,2037,105,384,267,1
785,0,1,785,22,2009,52,384,267,1
786,0,1,786,12,1844,175,384,267,1
787,0,1,787,28,1927,0,384,268,1
788,0,1,788,3,1913,64,382,268,1
789,0,1,789,5,1992,19,383,266,1
790,0,1,790,31,2014,151,382,266,1
791,0,1,791,0,1915,159,382,266,1
792,0,1,792,20,1912,261,382,266,1
793,0,1,793,21,1827,128,382,266,1
794,0,1,794,39,1895,128,382,266,1
795,0,1,795,40,1956,159,382,266,1
796,0,1,796,0,1924,0,382,266,1
797,0,1,797,0,2038,261,382,266,1
798,0,1,798,0,2045,159,382,266,1
799,0,1,799,25,1934,18,382,264,1
800,0,1,800,22,2104,174,382,264,1
801,0,1,801,0,2178,0,383,264,1
802,0,1,802,13,2059,45,384,264,1
803,0,1,803,27,1954,52,384,263,1
804,0,1,804,14,1966,49,383,262,1
805,0,1,805,7,2120,46,382,262,1
806,0,1,806,24,2087,251,382,264,1
807,0,1,807,0,1978,22,380,265,1
808,0,1,808,20,2157,85,381,265,1
809,0,1,809,0,2046,177,381,265,1
810,0,1,810,43,1974,177,381,265,1
811,0,1,811,31,2165,17,382,266,1
812,0,1,812,21,2139,159,382,266,1
813,0,1,813,0,1933,0,382,266,1
814,0,1,814,51,2121,39,382,266,1
815,0,1,815,24,2029,0,382,265,1
816,0,1,816,0,2133,146,382,265,1
817,0,1,817,28,1969,164,381,265,1
818,0,1,818,0,2027,42,381,264,1
819,0,1,819,0,2147,0,381,264,1
820,0,1,820,42,2033,147,381,264,1
821,0,1,821,28,1981,119,381,264,1
822,0,1,822,27,2040,0,380,264,1
823,0,1,823,30,2104,0,378,264,1
824,0,1,824,28,1946,19,378,266,1
825,0,1,825,38,2108,24,379,266,1
826,0,1,826,0,1956,0,379,266,1
827,0,1,827,42,1957,32,379,266,1
828,0,1,828,46,2079,0,379,267,1
829,0,1,829,25,2058,40,379,267,1
830,0,1,830,22,1980,80,378,267,1
831,0,1,831,0,1960,130,377,267,1
832,0,1,832,6,1965,13,378,266,1
833,0,1,833,43,2123,152,378,266,1
834,0,1,834,28,2063,79,378,266,1
835,0,1,835,26,2159,95,378,265,1
836,0,1,836,0,2095,0,378,265,1
837,0,1,837,23,1973,83,377,265,1
838,0,1,838,16,2105,127,378,265,1
839,0,1,839,0,1945,70,378,265,1
840,0,1,840,24,1932,79,378,265,1
841,0,1,841,18,2082,0,378,265,1
842,0,1,842,56,1790,0,378,264,1
843,0,1,843,30,2104,75,378,264,1
844,0,1,844,54,2066,16,377,264,1
845,0,1,845,0,1995,0,377,264,1
846,0,1,846,11,2072,60,377,264,1
847,0,1,847,16,2083,86,377,264,1
848,0,1,848,11,2079,0,377,263,1
849,0,1,849,35,2092,0,377,263,1
850,0,1,850,14,2126,90,377,263,1
851,0,1,851,51,2064,47,377,263,1
852,0,1,852,22,2175,5,377,264,1
853,0,1,853,36,2085,102,375,264,1
854,0,1,854,9,2202,0,376,264,1
855,0,1,855,25,1890,88,377,263,1
856,0,1,856,37,2157,1,377,263,1
857,0,1,857,18,2026,43,376,263,1
858,0,1,858,19,2161,107,376,263,1
859,0,1,859,16,1935,18,376,262,1
860,0,1,860,46,1916,0,376,262,1
861,0,1,861,27,2204,189,376,260,1
862,0,1,862,11,1950,8,376,257,1
863,0,1,863,65,2161,370,377,258,1
864,0,1,864,11,2158,109,378,260,1
865,0,1,865,40,2081,0,377,259,1
866,0,1,866,55,2058,0,377,260,1
867,0,1,867,43,2047,33,378,260,1
868,0,1,868,27,2054,36,377,260,1
869,0,1,869,33,2220,9,377,260,1
870,0,1,870,4,2316,92,377,259,1
871,0,1,871,57,2068,108,377,259,1
872,0,1,872,12,2212,0,377,258,1
873,0,1,873,23,2195,0,377,258,1
874,0,1,874,55,2115,0,376,259,1
875,0,1,875,0,2035,0,375,258,1
876,0,1,876,24,2144,0,374,258,1
877,0,1,877,4,2097,76,374,257,1
878,0,1,878,6,2311,136,374,257,1
879,0,1,879,4,2128,0,374,257,1
880,0,1,880,0,2026,223,374,257,1
881,0,1,881,47,2147,187,374,257,1
882,0,1,882,0,2147,0,374,256,1
883,0,1,883,35,2208,138,375,256,1
884,0,1,884,35,2251,124,375,256,1
885,0,1,885,0,2076,15,376,256,1
886,0,1,886,8,2164,0,375,256,1
887,0,1,887,0,2095,75,375,255,1
888,0,1,888,26,2129,167,375,255,1
889,0,1,889,12,2195,0,375,255,1
890,0,1,890,17,2062,215,374,256,1
891,0,1,891,16,2062,180,374,256,1
892,0,1,892,36,2092,0,374,256,1
893,0,1,893,0,2163,0,374,255,1
894,0,1,894,41,2060,82,374,255,1
895,0,1,895,0,2132,0,374,255,1
896,0,1,896,41,2035,0,374,255,1
897,0,1,897,41,2132,42,374,255,1
898,0,1,898,0,2067,36,374,255,1
899,0,1,899,4,2122,0,374,255,1
900,0,1,900,41,2032,0,375,255,1
901,0,1,901,33,1991,0,376,255,1
902,0,1,902,27,2068,0,375,255,1
903,0,1,903,0,2186,122,376,255,1
904,0,1,904,21,2184,0,376,255,1
905,0,1,905,0,2069,0,375,256,1
906,0,1,906,57,2041,186,375,256,1
907,0,1,907,37,1979,67,376,256,1
908,0,1,908,75,1978,0,376,256,1
909,0,1,909,29,2067,0,377,257,1
910,0,1,910,65,2096,12,377,258,1
911,0,1,911,19,2037,0,377,257,1
912,0,1,912,0,2026,42,377,257,1
913,0,1,913,45,1896,0,378,259,1
914,0,1,914,47,2192,201,378,258,1
915,0,1,915,4,2006,49,378,258,1
916,0,1,916,37,1734,49,378,258,1
917,0,1,917,59,2005,0,378,257,1
918,0,1,918,23,1801,25,378,257,1
919,0,1,919,52,2041,21,379,257,1
920,0,1,920,43,2106,202,380,258,1
921,0,1,921,21,1900,80,380,257,1
922,0,1,922,0,2016,46,381,257,1
923,0,1,923,0,2035,60,380,256,1
924,0,1,924,10,1943,107,380,256,1
925,0,1,925,56,2003,0,380,256,1
926,0,1,926,19,1799,53,380,256,1
927,0,1,927,58,1908,69,380,255,1
928,0,1,928,58,1813,0,380,255,1
929,0,1,929,12,1993,0,379,256,1
930,0,1,930,0,1987,127,376,257,1
931,0,1,931,11,2036,61,376,257,1
932,0,1,932,20,2004,185,376,258,1
933,0,1,933,16,2113,69,376,258,1
934,0,1,934,0,2039,56,375,258,1
935,0,1,935,50,1905,127,375,257,1
936,0,1,936,0,1881,58,375,258,1
937,0,1,937,0,2199,80,373,258,1
938,0,1,938,56,2043,166,373,258,1
939,0,1,939,25,1883,195,373,258,1
940,0,1,940,16,2152,0,372,258,1
941,0,1,941,0,1922,129,372,257,1
942,0,1,942,0,2005,0,372,256,1
943,0,1,943,9,1867,19,372,255,1
944,0,1,944,40,2109,35,373,255,1
945,0,1,945,0,2004,41,373,255,1
946,0,1,946,0,1876,146,373,256,1
947,0,1,947,0,2048,0,373,256,1
948,0,1,948,56,2063,27,373,256,1
949,0,1,949,0,1951,0,372,256,1
950,0,1,950,0,1988,0,372,256,1
951,0,1,951,43,1852,0,372,255,1
952,0,1,952,26,2010,0,372,254,1
953,0,1,953,0,1909,33,371,256,1
954,0,1,954,18,1893,0,371,256,1
955,0,1,955,0,2110,0,371,256,1
956,0,1,956,47,2036,5,371,256,1
957,0,1,957,0,1818,0,372,254,1
958,0,1,958,17,1916,0,372,254,1
959,0,1,959,0,1913,0,372,254,1
960,0,1,960,48,2041,172,369,254,1
961,0,1,961,22,1982,0,367,254,1
962,0,1,962,25,1884,0,369,255,1
963,0,1,963,0,1897,20,370,255,1
964,0,1,964,0,1772,103,370,254,1
965,0,1,965,5,1933,176,370,255,1
966,0,1,966,0,2061,109,369,256,1
967,0,1,967,0,1810,0,369,256,1
968,0,1,968,1,1835,0,369,255,1
969,0,1,969,27,1909,11,370,255,1
970,0,1,970,0,1827,0,369,255,1
971,0,1,971,42,1964,31,369,254,1
972,0,1,972,33,1829,60,369,253,1
973,0,1,973,0,1868,0,369,253,1
974,0,1,974,45,1937,0,369,253,1
975,0,1,975,21,1896,104,369,253,1
976,0,1,976,10,1805,127,369,251,1
977,0,1,977,31,1973,127,369,251,1
978,0,1,978,0,1876,51,368,252,1
979,0,1,979,0,2069,0,367,252,1
980,0,1,980,0,1817,0,367,251,1
981,0,1,981,0,1945,72,367,251,1
982,0,1,982,35,1922,126,366,252,1
983,0,1,983,19,1819,54,365,252,1
984,0,1,984,11,1995,31,365,252,1
985,0,1,985,0,1870,32,365,252,1
986,0,1,986,0,2007,0,365,252,1
987,0,1,987,0,2137,74,365,253,1
988,0,1,988,0,2037,0,365,253,1
989,0,1,989,32,1764,26,365,253,1
990,0,1,990,1,1946,0,365,254,1
991,0,1,991,22,2138,155,367,254,1
992,0,1,992,54,1976,0,368,253,1
993,0,1,993,2,2014,88,368,255,1
994,0,1,994,0,1977,61,368,255,1
995,0,1,995,10,1980,86,371,256,1
996,0,1,996,1,1980,0,371,256,1
997,0,1,997,47,2006,0,371,256,1
998,0,1,998,25,2136,26,369,255,1
999,0,1,999,36,2041,84,369,255,1
